-- Supabase Seed Data
-- This file contains seed data for development and testing purposes
-- Run with: supabase db reset --db-url <your-db-url>
-- =============================================================================
-- SEED DATA
-- =============================================================================
-- Activity Categories with fixed UUIDs
-- Test user profile
INSERT INTO
    user_profiles (
        telegram_id,
        first_name,
        last_name,
        username,
        gender,
        height,
        weight,
        birth_date,
        profile_completed,
        created_at,
        updated_at
    )
VALUES
    (
        123456789,
        'Виталий',
        'Казиев',
        'testuser',
        'male',
        182,
        81.00,
        '2002-09-11',
        true,
        '2025-10-01 18:03:36.730841+00',
        '2025-10-01 18:03:36.706+00'
    ),
    (
        385552321,
        'Vito',
        'Kaziti',
        'Migandy',
        'male',
        183,
        83.00,
        '2002-09-11',
        true,
        '2025-09-27 18:07:48.357502+00',
        '2025-09-27 18:07:48.084+00'
    );

INSERT INTO
    activity_categories (id, name, sort_order)
VALUES
    (
        'aaaaaaaa-aaaa-aaaa-aaaa-aaaaaaaaaaaa',
        'Тяжелая атлетика',
        1
    ),
    (
        'bbbbbbbb-bbbb-bbbb-bbbb-bbbbbbbbbbbb',
        'Классические упражнения',
        2
    ),
    (
        'cccccccc-cccc-cccc-cccc-cccccccccccc',
        'Выносливость',
        3
    ),
    (
        'dddddddd-dddd-dddd-dddd-dddddddddddd',
        'Гимнастика',
        4
    ),
    (
        'eeeeeeee-eeee-eeee-eeee-eeeeeeeeeeee',
        'Метконы',
        5
    );

-- Insert default measurement units with fixed UUIDs
INSERT INTO
    measurement_units (id, name)
VALUES
    ('11111111-1111-1111-1111-111111111111', 'кг.'),
    ('22222222-2222-2222-2222-222222222222', 'мин.'),
    ('33333333-3333-3333-3333-333333333333', 'повт.'),
    ('44444444-4444-4444-4444-444444444444', 'кал.'),
    ('55555555-5555-5555-5555-555555555555', 'м.'),
    ('66666666-6666-6666-6666-666666666666', 'ватт'),
    ('77777777-7777-7777-7777-777777777777', 'сек.');

-- Exercises for Тяжелая атлетика
INSERT INTO
    exercises (id, category_id, name, sort_order)
VALUES
    (
        'e1111111-1111-1111-1111-111111111111',
        'aaaaaaaa-aaaa-aaaa-aaaa-aaaaaaaaaaaa',
        'Рывок в сед',
        1
    ),
    (
        'e2222222-2222-2222-2222-222222222222',
        'aaaaaaaa-aaaa-aaaa-aaaa-aaaaaaaaaaaa',
        'Рывок в стойку',
        2
    ),
    (
        'e3333333-3333-3333-3333-333333333333',
        'aaaaaaaa-aaaa-aaaa-aaaa-aaaaaaaaaaaa',
        'Взятие в стойку',
        3
    ),
    (
        'e4444444-4444-4444-4444-444444444444',
        'aaaaaaaa-aaaa-aaaa-aaaa-aaaaaaaaaaaa',
        'Взятие в сед',
        4
    ),
    (
        'e5555555-5555-5555-5555-555555555555',
        'aaaaaaaa-aaaa-aaaa-aaaa-aaaaaaaaaaaa',
        'Швунг толчковый',
        5
    ),
    (
        'e6666666-6666-6666-6666-666666666666',
        'aaaaaaaa-aaaa-aaaa-aaaa-aaaaaaaaaaaa',
        'Швунг жимовой',
        6
    ),
    (
        'e7777777-7777-7777-7777-777777777777',
        'aaaaaaaa-aaaa-aaaa-aaaa-aaaaaaaaaaaa',
        'Ножницы со стоек',
        7
    ),
    (
        'e8888888-8888-8888-8888-888888888888',
        'aaaaaaaa-aaaa-aaaa-aaaa-aaaaaaaaaaaa',
        'Ножницы с пола',
        8
    ),
    (
        'e9999999-9999-9999-9999-999999999999',
        'aaaaaaaa-aaaa-aaaa-aaaa-aaaaaaaaaaaa',
        'Жим стоя',
        9
    ),
    (
        'eaaaaaaa-aaaa-aaaa-aaaa-aaaaaaaaaaaa',
        'aaaaaaaa-aaaa-aaaa-aaaa-aaaaaaaaaaaa',
        'Выброс со стоек',
        10
    ),
    (
        '0199a0e2-760a-732d-8baa-efb65734ab94',
        'aaaaaaaa-aaaa-aaaa-aaaa-aaaaaaaaaaaa',
        'Выброс с пола',
        11
    ),
    (
        '0199a0e2-9049-70ff-bd3c-98a99c0676c6',
        'aaaaaaaa-aaaa-aaaa-aaaa-aaaaaaaaaaaa',
        'Присед над головой',
        12
    );

-- Default records (combined)
INSERT INTO
    exercise_default_records (
        id,
        exercise_id,
        measure_unit_id,
        name,
        sort_order
    )
VALUES
    (
        '019a5eb0-fc40-76aa-8b14-36dcf147fb0d',
        'e1111111-1111-1111-1111-111111111111',
        '11111111-1111-1111-1111-111111111111',
        '1ПМ',
        1
    ),
    (
        '019a5eb1-1570-71fc-b9b7-74a1acb4c1c2',
        'e1111111-1111-1111-1111-111111111111',
        '11111111-1111-1111-1111-111111111111',
        '2ПМ',
        2
    ),
    (
        '019a5eb1-2c42-7669-97cb-68f1b962110d',
        'e1111111-1111-1111-1111-111111111111',
        '11111111-1111-1111-1111-111111111111',
        '3ПМ',
        3
    ),
    (
        '019a5eb1-3d86-748c-b182-251c825ecc95',
        'e2222222-2222-2222-2222-222222222222',
        '11111111-1111-1111-1111-111111111111',
        '1ПМ',
        1
    ),
    (
        '019a5eb1-4ff8-776c-aa1d-ce4244df2b6a',
        'e2222222-2222-2222-2222-222222222222',
        '11111111-1111-1111-1111-111111111111',
        '2ПМ',
        2
    ),
    (
        '019a5eb1-63ea-779b-8ece-a8e1d031569b',
        'e2222222-2222-2222-2222-222222222222',
        '11111111-1111-1111-1111-111111111111',
        '3ПМ',
        3
    ),
    (
        '019a5eb1-771f-72de-b73e-61d333037f4f',
        'e3333333-3333-3333-3333-333333333333',
        '11111111-1111-1111-1111-111111111111',
        '1ПМ',
        1
    ),
    (
        '019a5eb1-845e-71fa-93ac-0f4904427d75',
        'e3333333-3333-3333-3333-333333333333',
        '11111111-1111-1111-1111-111111111111',
        '2ПМ',
        2
    ),
    (
        '019a5eb1-91d2-766a-9e6e-ae4dee6abb83',
        'e3333333-3333-3333-3333-333333333333',
        '11111111-1111-1111-1111-111111111111',
        '3ПМ',
        3
    ),
    (
        '019a5eb1-9f87-7440-90de-6dd946b675df',
        'e4444444-4444-4444-4444-444444444444',
        '11111111-1111-1111-1111-111111111111',
        '1ПМ',
        1
    ),
    (
        '019a5eb1-ae8a-76e6-9dcb-576c42e38d15',
        'e4444444-4444-4444-4444-444444444444',
        '11111111-1111-1111-1111-111111111111',
        '2ПМ',
        2
    ),
    (
        '019a5eb1-c121-718e-8cfb-0e2d53d248a4',
        'e4444444-4444-4444-4444-444444444444',
        '11111111-1111-1111-1111-111111111111',
        '3ПМ',
        3
    ),
    (
        '019a5eb1-d997-74db-b087-03918e93eaaa',
        'e5555555-5555-5555-5555-555555555555',
        '11111111-1111-1111-1111-111111111111',
        '1ПМ',
        1
    ),
    (
        '019a5eb1-e8f1-77da-a2a7-25bae9a14e72',
        'e5555555-5555-5555-5555-555555555555',
        '11111111-1111-1111-1111-111111111111',
        '3ПМ',
        2
    ),
    (
        '019a5eb1-fef7-724f-b5dc-865398e56083',
        'e5555555-5555-5555-5555-555555555555',
        '11111111-1111-1111-1111-111111111111',
        '5ПМ',
        3
    ),
    (
        '019a5eb2-0ca1-7739-8cf1-0316269de3de',
        'e6666666-6666-6666-6666-666666666666',
        '11111111-1111-1111-1111-111111111111',
        '1ПМ',
        1
    ),
    (
        '019a5eb2-19a2-7222-8125-d1714d4d3416',
        'e6666666-6666-6666-6666-666666666666',
        '11111111-1111-1111-1111-111111111111',
        '3ПМ',
        2
    ),
    (
        '019a5eb2-26c4-776c-b630-474437e3f0b7',
        'e6666666-6666-6666-6666-666666666666',
        '11111111-1111-1111-1111-111111111111',
        '5ПМ',
        3
    ),
    (
        '019a5eb2-5594-7792-bb6b-b7a9baab0601',
        'e7777777-7777-7777-7777-777777777777',
        '11111111-1111-1111-1111-111111111111',
        '1ПМ',
        1
    ),
    (
        '019a5eb2-6873-716a-9feb-054dd1d3cf90',
        'e7777777-7777-7777-7777-777777777777',
        '11111111-1111-1111-1111-111111111111',
        '3ПМ',
        2
    ),
    (
        '019a5eb2-902b-718f-b9f1-45ba9f6570a5',
        'e7777777-7777-7777-7777-777777777777',
        '11111111-1111-1111-1111-111111111111',
        '5ПМ',
        3
    ),
    (
        '019a5eb2-9771-7177-a77a-3b8829f66597',
        'e9999999-9999-9999-9999-999999999999',
        '11111111-1111-1111-1111-111111111111',
        '1ПМ',
        1
    ),
    (
        '019a5eb2-9eb5-7370-a840-c4b0081af133',
        'e9999999-9999-9999-9999-999999999999',
        '11111111-1111-1111-1111-111111111111',
        '3ПМ',
        2
    ),
    (
        '019a5eb2-a8e0-71fc-8dc8-f9a5190bea7b',
        'e9999999-9999-9999-9999-999999999999',
        '11111111-1111-1111-1111-111111111111',
        '5ПМ',
        3
    ),
    (
        '019a5eb2-b09c-7076-835d-154c579ba468',
        '0199a0e2-9049-70ff-bd3c-98a99c0676c6',
        '11111111-1111-1111-1111-111111111111',
        '1ПМ',
        1
    ),
    (
        '019a5eb2-b960-77bc-a5e8-e00b1806c36b',
        '0199a0e2-9049-70ff-bd3c-98a99c0676c6',
        '11111111-1111-1111-1111-111111111111',
        '3ПМ',
        2
    ),
    (
        '019a5eb2-c315-750f-b143-25c80b69f299',
        '0199a0e2-9049-70ff-bd3c-98a99c0676c6',
        '11111111-1111-1111-1111-111111111111',
        '5ПМ',
        3
    ),
    (
        '019a5eb2-caca-7639-b153-692f06e6de84',
        'e8888888-8888-8888-8888-888888888888',
        '11111111-1111-1111-1111-111111111111',
        '1ПМ',
        1
    ),
    (
        '019a5eb2-d48f-7208-8a0e-b6c806cff67f',
        'e8888888-8888-8888-8888-888888888888',
        '11111111-1111-1111-1111-111111111111',
        '3ПМ',
        2
    ),
    (
        '019a5eb2-dd77-760e-bb9b-a04ef2089452',
        'eaaaaaaa-aaaa-aaaa-aaaa-aaaaaaaaaaaa',
        '11111111-1111-1111-1111-111111111111',
        '1ПМ',
        1
    ),
    (
        '019a5eb2-e725-76ab-a6da-e1b40a49a846',
        '0199a0e2-760a-732d-8baa-efb65734ab94',
        '11111111-1111-1111-1111-111111111111',
        '1ПМ',
        1
    );

-- Exercises for Классические упражнения
INSERT INTO
    exercises (id, category_id, name, sort_order)
VALUES
    (
        '0199b8aa-bd45-71a9-9add-c1776fc7e999',
        'bbbbbbbb-bbbb-bbbb-bbbb-bbbbbbbbbbbb',
        'Становая тяга',
        1
    ),
    (
        '0199b8aa-bd49-7041-af45-9616e523331e',
        'bbbbbbbb-bbbb-bbbb-bbbb-bbbbbbbbbbbb',
        'Присед на спине',
        2
    ),
    (
        '0199b8aa-bd4c-715e-9ee8-a9e9747c361e',
        'bbbbbbbb-bbbb-bbbb-bbbb-bbbbbbbbbbbb',
        'Присед фронтальный',
        3
    ),
    (
        '0199b8aa-bd4e-76cc-89de-e6dc6e0664e0',
        'bbbbbbbb-bbbb-bbbb-bbbb-bbbbbbbbbbbb',
        'Присед над головой',
        4
    ),
    (
        '0199b8aa-bd4f-77b1-bd45-295b09816b8e',
        'bbbbbbbb-bbbb-bbbb-bbbb-bbbbbbbbbbbb',
        'Жим лежа',
        5
    ),
    (
        '0199b8aa-bd50-71be-9e8b-bef9a778a672',
        'bbbbbbbb-bbbb-bbbb-bbbb-bbbbbbbbbbbb',
        'Молотковый подъем на бицепс',
        6
    ),
    (
        '0199b8aa-bd51-7240-8a3d-106ada06d9cf',
        'bbbbbbbb-bbbb-bbbb-bbbb-bbbbbbbbbbbb',
        'Супинированный подъем на бицепс',
        7
    ),
    (
        '0199b8aa-bd52-769a-b543-7b86e82bcae0',
        'bbbbbbbb-bbbb-bbbb-bbbb-bbbbbbbbbbbb',
        'Т-подъем гантелей на среднюю дельту',
        8
    ),
    (
        '0199b8aa-bd53-743e-beea-e0938a15e1d2',
        'bbbbbbbb-bbbb-bbbb-bbbb-bbbbbbbbbbbb',
        'Разгибания на трицепс',
        9
    );

-- Exercises for Гимнастика
INSERT INTO
    exercises (id, category_id, name, sort_order)
VALUES
    (
        '0199b8a6-f440-7117-8adb-e0851abdc7c3',
        'dddddddd-dddd-dddd-dddd-dddddddddddd',
        'Строгие подтягивания прямым хватом на ширине плеч',
        1
    ),
    (
        '0199b8a7-5573-76fb-832d-a66bda0b52fc',
        'dddddddd-dddd-dddd-dddd-dddddddddddd',
        'Строгие подтягивания обратным хватом на ширине плеч',
        2
    ),
    (
        '0199b8a7-5576-7779-a78e-e9733d80f3e7',
        'dddddddd-dddd-dddd-dddd-dddddddddddd',
        'Канаты 4,5м',
        3
    ),
    (
        '0199b8a7-557e-706c-9465-72b3e14b8f58',
        'dddddddd-dddd-dddd-dddd-dddddddddddd',
        'Отжимания на брусьях',
        4
    ),
    (
        '0199b8a7-557f-766a-8aed-b9c201016aa2',
        'dddddddd-dddd-dddd-dddd-dddddddddddd',
        'Ходьба на руках',
        5
    );

-- Metcon Exercises for Гимнастика
INSERT INTO
    metcon_exercises (
        id,
        category_id,
        name,
        description,
        sort_order,
        measure_unit_id
    )
VALUES
    (
        '0199b8a7-5580-7709-95b1-882a7e8d57bc',
        'dddddddd-dddd-dddd-dddd-dddddddddddd',
        'Выходы на перекладине',
        'Выполните максимальное количество выходов на перекладине',
        1,
        '33333333-3333-3333-3333-333333333333'
    ),
    (
        '0199b8a7-5582-713a-8349-286b2b56ca49',
        'dddddddd-dddd-dddd-dddd-dddddddddddd',
        'Выходы на кольцах',
        'Выполните максимальное количество выходов на кольцах',
        2,
        '33333333-3333-3333-3333-333333333333'
    ),
    (
        '0199b8a7-558e-7758-b59f-a562f14dbd63',
        'dddddddd-dddd-dddd-dddd-dddddddddddd',
        'Подносы ног к турнику',
        'Выполните максимальное количество подносов ног к турнику',
        3,
        '33333333-3333-3333-3333-333333333333'
    ),
    (
        '0199b8a7-5590-7169-8c02-ea373f0b67c8',
        'dddddddd-dddd-dddd-dddd-dddddddddddd',
        'Подтягивания батерфляем',
        'Выполните максимальное количество подтягиваний батерфляем',
        4,
        '33333333-3333-3333-3333-333333333333'
    ),
    (
        '0199b8a7-5591-7485-8455-9c19ce5f193a',
        'dddddddd-dddd-dddd-dddd-dddddddddddd',
        'Подтягивания кипом',
        'Выполните максимальное количество подтягиваний кипом',
        5,
        '33333333-3333-3333-3333-333333333333'
    ),
    (
        '0199b8a7-5592-7248-af9c-f75132f9cfcc',
        'dddddddd-dddd-dddd-dddd-dddddddddddd',
        'Вис в уголке',
        'Удерживайте вис в уголке максимальное время',
        6,
        '77777777-7777-7777-7777-777777777777'
    ),
    (
        '0199b8a7-5593-7078-96a7-042287f8370d',
        'dddddddd-dddd-dddd-dddd-dddddddddddd',
        'Вис на перекладине',
        'Удерживайте вис на перекладине максимальное время',
        7,
        '77777777-7777-7777-7777-777777777777'
    );

-- Test exercise comments for "Рывок в сед" exercise
INSERT INTO
    exercise_comments (
        id,
        exercise_id,
        user_id,
        short_name,
        description,
        state,
        finished_at,
        created_at,
        updated_at
    )
VALUES
    (
        'c1111111-1111-1111-1111-111111111111',
        'e1111111-1111-1111-1111-111111111111',
        385552321,
        'Техника хвата',
        'Работать над шириной хвата - слишком узко берусь за гриф, из-за этого теряю стабильность в нижней позиции',
        'active',
        NULL,
        '2025-09-28 10:00:00+00',
        '2025-09-28 10:00:00+00'
    ),
    (
        '0199a130-d925-702e-8152-d6f35626549a',
        'e1111111-1111-1111-1111-111111111111',
        123456789,
        'Техника хвата',
        'Работать над шириной хвата - слишком узко берусь за гриф, из-за этого теряю стабильность в нижней позиции',
        'active',
        NULL,
        '2025-09-28 10:00:00+00',
        '2025-09-28 10:00:00+00'
    ),
    (
        '0199a130-f5a3-7032-98c7-693dfbb58321',
        'e1111111-1111-1111-1111-111111111111',
        385552321,
        'Мобильность голеностопа',
        'Недостаточная мобильность голеностопа мешает глубокому седу. Добавить растяжку и работу с мобильностью',
        'completed',
        '2025-09-30 15:30:00+00',
        '2025-09-25 14:20:00+00',
        '2025-09-30 15:30:00+00'
    ),
    (
        'c2222222-2222-2222-2222-222222222222',
        'e1111111-1111-1111-1111-111111111111',
        123456789,
        'Мобильность голеностопа',
        'Недостаточная мобильность голеностопа мешает глубокому седу. Добавить растяжку и работу с мобильностью',
        'completed',
        '2025-09-30 15:30:00+00',
        '2025-09-25 14:20:00+00',
        '2025-09-30 15:30:00+00'
    ),
    (
        'c3333333-3333-3333-3333-333333333333',
        'e1111111-1111-1111-1111-111111111111',
        385552321,
        'Скорость под штангой',
        'Медленно ухожу под штангу в сед. Нужно работать над взрывной скоростью и уверенностью в движении',
        'active',
        NULL,
        '2025-10-01 09:15:00+00',
        '2025-10-01 09:15:00+00'
    ),
    (
        '0199a131-0eda-7568-91fa-1e6ca54a3a8d',
        'e1111111-1111-1111-1111-111111111111',
        123456789,
        'Скорость под штангой',
        'Медленно ухожу под штангу в сед. Нужно работать над взрывной скоростью и уверенностью в движении',
        'active',
        NULL,
        '2025-10-01 09:15:00+00',
        '2025-10-01 09:15:00+00'
    );

-- Test exercise records for "Рывок в сед" exercise  
INSERT INTO
    exercise_records (
        id,
        exercise_id,
        user_id,
        name,
        value,
        measure_unit_id,
        state,
        previoused_at,
        created_at,
        updated_at
    )
VALUES
    (
        '0199a12a-23ed-7228-b005-799c987f244d',
        'e1111111-1111-1111-1111-111111111111',
        385552321,
        'Максимальный вес',
        75.0,
        '11111111-1111-1111-1111-111111111111',
        'current',
        '2025-09-20 16:45:00+00',
        '2025-09-28 17:30:00+00',
        '2025-09-28 17:30:00+00'
    ),
    (
        '0199a130-0694-701e-9430-49cb02814be4',
        'e1111111-1111-1111-1111-111111111111',
        123456789,
        'Максимальный вес',
        75.0,
        '11111111-1111-1111-1111-111111111111',
        'current',
        '2025-09-20 16:45:00+00',
        '2025-09-28 17:30:00+00',
        '2025-09-28 17:30:00+00'
    ),
    (
        '0199a12a-3fbf-71b9-951f-ea1a50d59d94',
        'e1111111-1111-1111-1111-111111111111',
        385552321,
        'Предыдущий максимум',
        70.0,
        '11111111-1111-1111-1111-111111111111',
        'previous',
        NULL,
        '2025-09-20 16:45:00+00',
        '2025-09-20 16:45:00+00'
    ),
    (
        '0199a130-3177-766e-8a8f-fc08b8e3c82f',
        'e1111111-1111-1111-1111-111111111111',
        123456789,
        'Предыдущий максимум',
        70.0,
        '11111111-1111-1111-1111-111111111111',
        'previous',
        NULL,
        '2025-09-20 16:45:00+00',
        '2025-09-20 16:45:00+00'
    ),
    (
        '0199a12a-549e-7736-b715-2077b46db099',
        'e1111111-1111-1111-1111-111111111111',
        385552321,
        'Рабочий вес 5х3',
        60.0,
        '11111111-1111-1111-1111-111111111111',
        'current',
        NULL,
        '2025-10-01 11:20:00+00',
        '2025-10-01 11:20:00+00'
    ),
    (
        '0199a130-5ff6-7368-b13a-b786e088ee69',
        'e1111111-1111-1111-1111-111111111111',
        123456789,
        'Рабочий вес 5х3',
        60.0,
        '11111111-1111-1111-1111-111111111111',
        'current',
        NULL,
        '2025-10-01 11:20:00+00',
        '2025-10-01 11:20:00+00'
    );

-- Metcon Exercises
INSERT INTO
    metcon_exercises (
        id,
        category_id,
        name,
        description,
        sort_order,
        measure_unit_id
    )
VALUES
    (
        '0199b4b2-10bb-74b5-bf95-45eaa5738d59',
        'eeeeeeee-eeee-eeee-eeee-eeeeeeeeeeee',
        '150 бурпи + 15 см к перекладине',
        'Выполните 150 бурпи, при этом при каждом прыжке необходимо коснуться перекладины, расположенной на 15 см выше вытянутой вверх руки.',
        1,
        '22222222-2222-2222-2222-222222222222'
    ),
    (
        '0199b4b2-27ca-757d-87fe-8eb5b05a960d',
        'eeeeeeee-eeee-eeee-eeee-eeeeeeeeeeee',
        'Open 13.1',
        'В течение 17 минут выполните как можно больше раундов: 40 двойных прыжков на скакалке и 30 силовых рывков (35 кг для мужчин, 20 кг для женщин).',
        2,
        '33333333-3333-3333-3333-333333333333'
    ),
    (
        '0199b4b2-3627-715b-a406-cfb3dfddd3cd',
        'eeeeeeee-eeee-eeee-eeee-eeeeeeeeeeee',
        'Open 16.5',
        'Выполните на время 21-18-15-12-9-6-3 повторений: трастеры (43 кг для мужчин, 29 кг для женщин) и бурпи с прыжком через штангу.',
        3,
        '22222222-2222-2222-2222-222222222222'
    ),
    (
        '0199b4b2-43a9-72aa-b33b-423efb90eb87',
        'eeeeeeee-eeee-eeee-eeee-eeeeeeeeeeee',
        'Open 19.1',
        'В течение 15 минут выполните как можно больше раундов: 19 калорий на гребном тренажере и 19 настенных бросков мяча (9 кг для мужчин, 6 кг для женщин).',
        4,
        '33333333-3333-3333-3333-333333333333'
    ),
    (
        '0199b4b2-4fbb-77cd-984c-ce6b1d547df7',
        'eeeeeeee-eeee-eeee-eeee-eeeeeeeeeeee',
        'Карен',
        'Выполните 150 настенных бросков мяча (9 кг для мужчин, 6 кг для женщин) на время.',
        5,
        '22222222-2222-2222-2222-222222222222'
    ),
    (
        '0199b4b2-5bea-704b-b732-5d516d38aa8a',
        'eeeeeeee-eeee-eeee-eeee-eeeeeeeeeeee',
        'Синди',
        'В течение 20 минут выполните как можно больше раундов: 5 подтягиваний, 10 отжиманий и 15 приседаний.',
        6,
        '33333333-3333-3333-3333-333333333333'
    ),
    (
        '0199b4b2-6735-724d-868e-5bdab2ebcefa',
        'eeeeeeee-eeee-eeee-eeee-eeeeeeeeeeee',
        'Мерф',
        'Выполните на время: 1,6 км бега, затем 100 подтягиваний, 200 отжиманий и 300 приседаний, завершая еще одним 1,6 км бега. Традиционно выполняется в утяжелённом жилете (9 кг для мужчин, 6 кг для женщин).',
        7,
        '22222222-2222-2222-2222-222222222222'
    ),
    (
        '0199b4b2-754e-756c-9c4e-ab0bf47f0367',
        'eeeeeeee-eeee-eeee-eeee-eeeeeeeeeeee',
        'Линда',
        'Выполните на время 10-9-8-7-6-5-4-3-2-1 повторений: становая тяга (1,5 массы тела), жим лёжа (масса тела) и взятие на грудь (0,75 массы тела).',
        8,
        '22222222-2222-2222-2222-222222222222'
    ),
    (
        '0199b4b2-81ec-7129-8b95-dba027d7b40b',
        'eeeeeeee-eeee-eeee-eeee-eeeeeeeeeeee',
        'Калсу',
        'Выполните на время 100 трастеров (61 кг для мужчин, 43 кг для женщин). В начале каждой минуты выполняйте 5 бурпи, затем продолжайте с трастерами.',
        9,
        '22222222-2222-2222-2222-222222222222'
    );

-- Endurance exercises (Выносливость)
INSERT INTO
    metcon_exercises (
        id,
        category_id,
        name,
        description,
        sort_order,
        measure_unit_id
    )
VALUES
    (
        '0199b848-2ac2-73a9-9bba-9b6f8b56f082',
        'cccccccc-cccc-cccc-cccc-cccccccccccc',
        'Байк 10 минут',
        '10-минутная работа на велотренажере на максимальную мощность',
        1,
        '44444444-4444-4444-4444-444444444444'
    ),
    (
        '0199b848-364a-7192-885a-4b50e829bb10',
        'cccccccc-cccc-cccc-cccc-cccccccccccc',
        'Байк МАМ',
        'Максимальная аэробная мощность на велотренажере',
        2,
        '66666666-6666-6666-6666-666666666666'
    ),
    (
        '0199b848-9701-74be-866d-e54543197aa5',
        'cccccccc-cccc-cccc-cccc-cccccccccccc',
        'Байк ступенчатый',
        'Ступенчатый тест на велотренажере',
        3,
        '66666666-6666-6666-6666-666666666666'
    ),
    (
        '0199b848-96fd-77fb-b482-9bff79d06a98',
        'cccccccc-cccc-cccc-cccc-cccccccccccc',
        'Гребля 10 минут',
        '10-минутная работа на гребном тренажере на максимальную мощность',
        4,
        '44444444-4444-4444-4444-444444444444'
    ),
    (
        '0199b848-9707-7327-b3cc-e1b6fba30fe3',
        'cccccccc-cccc-cccc-cccc-cccccccccccc',
        'Гребля 2км',
        'Гребля на 2 километра на время',
        5,
        '22222222-2222-2222-2222-222222222222'
    ),
    (
        '0199b848-9709-75af-ace9-7be6410ddaf8',
        'cccccccc-cccc-cccc-cccc-cccccccccccc',
        'Гребля 5км',
        'Гребля на 5 километров на время',
        6,
        '22222222-2222-2222-2222-222222222222'
    ),
    (
        '0199c1a1-7777-7777-7777-777777777777',
        'cccccccc-cccc-cccc-cccc-cccccccccccc',
        'Гребля 10км',
        'Гребля на 10 километров на время',
        7,
        '22222222-2222-2222-2222-222222222222'
    ),
    (
        '0199b848-970b-73ba-acfc-2211cfbaffed',
        'cccccccc-cccc-cccc-cccc-cccccccccccc',
        'Гребля МАМ',
        'Максимальная аэробная мощность на гребном тренажере',
        8,
        '66666666-6666-6666-6666-666666666666'
    ),
    (
        '0199b848-9714-719a-af04-5ff58758e1ec',
        'cccccccc-cccc-cccc-cccc-cccccccccccc',
        'Гребля ступенчатый',
        'Ступенчатый тест на гребном тренажере',
        9,
        '66666666-6666-6666-6666-666666666666'
    ),
    (
        '0199b848-971e-718d-822c-072a8c92e85b',
        'cccccccc-cccc-cccc-cccc-cccccccccccc',
        'Лыжи МАМ',
        'Максимальная аэробная мощность на лыжном тренажере',
        10,
        '66666666-6666-6666-6666-666666666666'
    ),
    (
        '0199b848-9717-77c1-9067-15ccdc2b08a9',
        'cccccccc-cccc-cccc-cccc-cccccccccccc',
        'Лыжи ступенчатый',
        'Ступенчатый тест на лыжном тренажере',
        11,
        '66666666-6666-6666-6666-666666666666'
    ),
    (
        '0199b848-971c-71aa-8e2a-67228ce68ac3',
        'cccccccc-cccc-cccc-cccc-cccccccccccc',
        'Лыжи 10 минут',
        '10-минутная работа на лыжном тренажере на максимальную мощность',
        12,
        '44444444-4444-4444-4444-444444444444'
    );