-- Supabase Seed Data
-- This file contains seed data for development and testing purposes
-- Run with: supabase db reset --db-url <your-db-url>
-- =============================================================================
-- SEED DATA
-- =============================================================================
-- Activity Categories with fixed UUIDs
-- Test user profile
INSERT INTO
    user_profiles (
        telegram_id,
        first_name,
        last_name,
        username,
        gender,
        height,
        weight,
        birth_date,
        profile_completed,
        created_at,
        updated_at
    )
VALUES
    (
        123456789,
        'Виталий',
        'Казиев',
        'testuser',
        'male',
        182,
        81.00,
        '2002-09-11',
        true,
        '2025-10-01 18:03:36.730841+00',
        '2025-10-01 18:03:36.706+00'
    ),
    (
        385552321,
        'Vito',
        'Kaziti',
        'Migandy',
        'male',
        183,
        83.00,
        '2002-09-11',
        true,
        '2025-09-27 18:07:48.357502+00',
        '2025-09-27 18:07:48.084+00'
    );

INSERT INTO
    activity_categories (id, name, sort_order)
VALUES
    (
        'aaaaaaaa-aaaa-aaaa-aaaa-aaaaaaaaaaaa',
        'Тяжелая атлетика',
        1
    ),
    (
        'bbbbbbbb-bbbb-bbbb-bbbb-bbbbbbbbbbbb',
        'Классические упражнения',
        2
    ),
    (
        'cccccccc-cccc-cccc-cccc-cccccccccccc',
        'Выносливость',
        3
    ),
    (
        'dddddddd-dddd-dddd-dddd-dddddddddddd',
        'Гимнастика',
        4
    ),
    (
        'eeeeeeee-eeee-eeee-eeee-eeeeeeeeeeee',
        'Метконы',
        5
    );

-- Insert default measurement units with fixed UUIDs
INSERT INTO
    measurement_units (id, name)
VALUES
    ('11111111-1111-1111-1111-111111111111', 'кг.'),
    ('22222222-2222-2222-2222-222222222222', 'мин.'),
    ('33333333-3333-3333-3333-333333333333', 'повт.');

-- Exercises for Тяжелая атлетика
INSERT INTO
    exercises (id, category_id, name, sort_order)
VALUES
    (
        'e1111111-1111-1111-1111-111111111111',
        'aaaaaaaa-aaaa-aaaa-aaaa-aaaaaaaaaaaa',
        'Рывок в сед',
        1
    ),
    (
        'e2222222-2222-2222-2222-222222222222',
        'aaaaaaaa-aaaa-aaaa-aaaa-aaaaaaaaaaaa',
        'Рывок в стойку',
        2
    ),
    (
        'e3333333-3333-3333-3333-333333333333',
        'aaaaaaaa-aaaa-aaaa-aaaa-aaaaaaaaaaaa',
        'Взятие в стойку',
        3
    ),
    (
        'e4444444-4444-4444-4444-444444444444',
        'aaaaaaaa-aaaa-aaaa-aaaa-aaaaaaaaaaaa',
        'Взятие в сед',
        4
    ),
    (
        'e5555555-5555-5555-5555-555555555555',
        'aaaaaaaa-aaaa-aaaa-aaaa-aaaaaaaaaaaa',
        'Швунг толчковый',
        5
    ),
    (
        'e6666666-6666-6666-6666-666666666666',
        'aaaaaaaa-aaaa-aaaa-aaaa-aaaaaaaaaaaa',
        'Швунг жимовой',
        6
    ),
    (
        'e7777777-7777-7777-7777-777777777777',
        'aaaaaaaa-aaaa-aaaa-aaaa-aaaaaaaaaaaa',
        'Ножницы со стоек',
        7
    ),
    (
        'e8888888-8888-8888-8888-888888888888',
        'aaaaaaaa-aaaa-aaaa-aaaa-aaaaaaaaaaaa',
        'Ножницы с пола',
        8
    ),
    (
        'e9999999-9999-9999-9999-999999999999',
        'aaaaaaaa-aaaa-aaaa-aaaa-aaaaaaaaaaaa',
        'Жим стоя',
        9
    ),
    (
        'eaaaaaaa-aaaa-aaaa-aaaa-aaaaaaaaaaaa',
        'aaaaaaaa-aaaa-aaaa-aaaa-aaaaaaaaaaaa',
        'Выброс со стоек',
        10
    ),
    (
        '0199a0e2-760a-732d-8baa-efb65734ab94',
        'aaaaaaaa-aaaa-aaaa-aaaa-aaaaaaaaaaaa',
        'Выброс с пола',
        11
    ),
    (
        '0199a0e2-9049-70ff-bd3c-98a99c0676c6',
        'aaaaaaaa-aaaa-aaaa-aaaa-aaaaaaaaaaaa',
        'Присед над головой',
        12
    );

-- Test exercise comments for "Рывок в сед" exercise
INSERT INTO
    exercise_comments (
        id,
        exercise_id,
        user_id,
        short_name,
        description,
        state,
        finished_at,
        created_at,
        updated_at
    )
VALUES
    (
        'c1111111-1111-1111-1111-111111111111',
        'e1111111-1111-1111-1111-111111111111',
        385552321,
        'Техника хвата',
        'Работать над шириной хвата - слишком узко берусь за гриф, из-за этого теряю стабильность в нижней позиции',
        'active',
        NULL,
        '2025-09-28 10:00:00+00',
        '2025-09-28 10:00:00+00'
    ),
    (
        '0199a130-d925-702e-8152-d6f35626549a',
        'e1111111-1111-1111-1111-111111111111',
        123456789,
        'Техника хвата',
        'Работать над шириной хвата - слишком узко берусь за гриф, из-за этого теряю стабильность в нижней позиции',
        'active',
        NULL,
        '2025-09-28 10:00:00+00',
        '2025-09-28 10:00:00+00'
    ),
    (
        '0199a130-f5a3-7032-98c7-693dfbb58321',
        'e1111111-1111-1111-1111-111111111111',
        385552321,
        'Мобильность голеностопа',
        'Недостаточная мобильность голеностопа мешает глубокому седу. Добавить растяжку и работу с мобильностью',
        'completed',
        '2025-09-30 15:30:00+00',
        '2025-09-25 14:20:00+00',
        '2025-09-30 15:30:00+00'
    ),
    (
        'c2222222-2222-2222-2222-222222222222',
        'e1111111-1111-1111-1111-111111111111',
        123456789,
        'Мобильность голеностопа',
        'Недостаточная мобильность голеностопа мешает глубокому седу. Добавить растяжку и работу с мобильностью',
        'completed',
        '2025-09-30 15:30:00+00',
        '2025-09-25 14:20:00+00',
        '2025-09-30 15:30:00+00'
    ),
    (
        'c3333333-3333-3333-3333-333333333333',
        'e1111111-1111-1111-1111-111111111111',
        385552321,
        'Скорость под штангой',
        'Медленно ухожу под штангу в сед. Нужно работать над взрывной скоростью и уверенностью в движении',
        'active',
        NULL,
        '2025-10-01 09:15:00+00',
        '2025-10-01 09:15:00+00'
    ),
    (
        '0199a131-0eda-7568-91fa-1e6ca54a3a8d',
        'e1111111-1111-1111-1111-111111111111',
        123456789,
        'Скорость под штангой',
        'Медленно ухожу под штангу в сед. Нужно работать над взрывной скоростью и уверенностью в движении',
        'active',
        NULL,
        '2025-10-01 09:15:00+00',
        '2025-10-01 09:15:00+00'
    );

-- Test exercise records for "Рывок в сед" exercise  
INSERT INTO
    exercise_records (
        id,
        exercise_id,
        user_id,
        name,
        value,
        measure_unit_id,
        state,
        previoused_at,
        created_at,
        updated_at
    )
VALUES
    (
        '0199a12a-23ed-7228-b005-799c987f244d',
        'e1111111-1111-1111-1111-111111111111',
        385552321,
        'Максимальный вес',
        75.0,
        '11111111-1111-1111-1111-111111111111',
        'current',
        '2025-09-20 16:45:00+00',
        '2025-09-28 17:30:00+00',
        '2025-09-28 17:30:00+00'
    ),
    (
        '0199a130-0694-701e-9430-49cb02814be4',
        'e1111111-1111-1111-1111-111111111111',
        123456789,
        'Максимальный вес',
        75.0,
        '11111111-1111-1111-1111-111111111111',
        'current',
        '2025-09-20 16:45:00+00',
        '2025-09-28 17:30:00+00',
        '2025-09-28 17:30:00+00'
    ),
    (
        '0199a12a-3fbf-71b9-951f-ea1a50d59d94',
        'e1111111-1111-1111-1111-111111111111',
        385552321,
        'Предыдущий максимум',
        70.0,
        '11111111-1111-1111-1111-111111111111',
        'previous',
        NULL,
        '2025-09-20 16:45:00+00',
        '2025-09-20 16:45:00+00'
    ),
    (
        '0199a130-3177-766e-8a8f-fc08b8e3c82f',
        'e1111111-1111-1111-1111-111111111111',
        123456789,
        'Предыдущий максимум',
        70.0,
        '11111111-1111-1111-1111-111111111111',
        'previous',
        NULL,
        '2025-09-20 16:45:00+00',
        '2025-09-20 16:45:00+00'
    ),
    (
        '0199a12a-549e-7736-b715-2077b46db099',
        'e1111111-1111-1111-1111-111111111111',
        385552321,
        'Рабочий вес 5х3',
        60.0,
        '11111111-1111-1111-1111-111111111111',
        'current',
        NULL,
        '2025-10-01 11:20:00+00',
        '2025-10-01 11:20:00+00'
    ),
    (
        '0199a130-5ff6-7368-b13a-b786e088ee69',
        'e1111111-1111-1111-1111-111111111111',
        123456789,
        'Рабочий вес 5х3',
        60.0,
        '11111111-1111-1111-1111-111111111111',
        'current',
        NULL,
        '2025-10-01 11:20:00+00',
        '2025-10-01 11:20:00+00'
    );

-- Metcon Exercises
INSERT INTO
    metcon_exercises (
        id,
        category_id,
        name,
        description,
        sort_order,
        measure_unit_id
    )
VALUES
    (
        '0199b4b2-10bb-74b5-bf95-45eaa5738d59',
        'eeeeeeee-eeee-eeee-eeee-eeeeeeeeeeee',
        '150 бурпи + 15 см к перекладине',
        'Выполните 150 бурпи, при этом при каждом прыжке необходимо коснуться перекладины, расположенной на 15 см выше вытянутой вверх руки.',
        1,
        '22222222-2222-2222-2222-222222222222'
    ),
    (
        '0199b4b2-27ca-757d-87fe-8eb5b05a960d',
        'eeeeeeee-eeee-eeee-eeee-eeeeeeeeeeee',
        'Open 13.1',
        'В течение 17 минут выполните как можно больше раундов: 40 двойных прыжков на скакалке и 30 силовых рывков (35 кг для мужчин, 20 кг для женщин).',
        2,
        '33333333-3333-3333-3333-333333333333'
    ),
    (
        '0199b4b2-3627-715b-a406-cfb3dfddd3cd',
        'eeeeeeee-eeee-eeee-eeee-eeeeeeeeeeee',
        'Open 16.5',
        'Выполните на время 21-18-15-12-9-6-3 повторений: трастеры (43 кг для мужчин, 29 кг для женщин) и бурпи с прыжком через штангу.',
        3,
        '22222222-2222-2222-2222-222222222222'
    ),
    (
        '0199b4b2-43a9-72aa-b33b-423efb90eb87',
        'eeeeeeee-eeee-eeee-eeee-eeeeeeeeeeee',
        'Open 19.1',
        'В течение 15 минут выполните как можно больше раундов: 19 калорий на гребном тренажере и 19 настенных бросков мяча (9 кг для мужчин, 6 кг для женщин).',
        4,
        '33333333-3333-3333-3333-333333333333'
    ),
    (
        '0199b4b2-4fbb-77cd-984c-ce6b1d547df7',
        'eeeeeeee-eeee-eeee-eeee-eeeeeeeeeeee',
        'Карен',
        'Выполните 150 настенных бросков мяча (9 кг для мужчин, 6 кг для женщин) на время.',
        5,
        '22222222-2222-2222-2222-222222222222'
    ),
    (
        '0199b4b2-5bea-704b-b732-5d516d38aa8a',
        'eeeeeeee-eeee-eeee-eeee-eeeeeeeeeeee',
        'Синди',
        'В течение 20 минут выполните как можно больше раундов: 5 подтягиваний, 10 отжиманий и 15 приседаний.',
        6,
        '33333333-3333-3333-3333-333333333333'
    ),
    (
        '0199b4b2-6735-724d-868e-5bdab2ebcefa',
        'eeeeeeee-eeee-eeee-eeee-eeeeeeeeeeee',
        'Мерф',
        'Выполните на время: 1,6 км бега, затем 100 подтягиваний, 200 отжиманий и 300 приседаний, завершая еще одним 1,6 км бега. Традиционно выполняется в утяжелённом жилете (9 кг для мужчин, 6 кг для женщин).',
        7,
        '22222222-2222-2222-2222-222222222222'
    ),
    (
        '0199b4b2-754e-756c-9c4e-ab0bf47f0367',
        'eeeeeeee-eeee-eeee-eeee-eeeeeeeeeeee',
        'Линда',
        'Выполните на время 10-9-8-7-6-5-4-3-2-1 повторений: становая тяга (1,5 массы тела), жим лёжа (масса тела) и взятие на грудь (0,75 массы тела).',
        8,
        '22222222-2222-2222-2222-222222222222'
    ),
    (
        '0199b4b2-81ec-7129-8b95-dba027d7b40b',
        'eeeeeeee-eeee-eeee-eeee-eeeeeeeeeeee',
        'Калсу',
        'Выполните на время 100 трастеров (61 кг для мужчин, 43 кг для женщин). В начале каждой минуты выполняйте 5 бурпи, затем продолжайте с трастерами.',
        9,
        '22222222-2222-2222-2222-222222222222'
    );